{
    "company_details": {
        "founded": "2002",
        "employees_found": "3 in Crunchbase",
        "description": "Abzena (AIM: ABZA) provides proprietary technologies and complementary services to enable the development and manufacture of biopharmaceutical products, a growing area that requires specialist knowledge and expertise. The Group has a global customer base which includes the majority of the top 20 biopharmaceutical companies as well as large and small biotech companies and academic groups.\nThe term \u201cAbzena inside\u201d is used by Abzena to describe products that have been created using its proprietary technologies and are being developed by its partners, and include Composite Human Antibodies\u2122 and ThioBridge\u2122 Antibody Drug Conjugates (ADCs). Abzena has the potential to earn future licence fees, milestone payments and/or royalties on \u201cAbzena inside\u201d products.\nAbzena offers the following services and technologies across its sites in Cambridge (UK), San Diego, California (USA) and Bristol, Pennsylvania (USA).\n\u2022Immunogenicity assessment, protein engineering to create humanized antibodies and deimmunised therapeutic proteins, and cell line development for manufacture.\n\u2022Contract process development and manufacture of biopharmaceuticals, including monoclonal antibodies, recombinant proteins, vaccines, and gene therapy and cell therapy products, for preclinical and clinical studies.\n\u2022Proprietary site-specific conjugation technologies for antibody drug conjugate development and solutions for optimizing the therapeutic properties of biopharmaceuticals.\n\u2022Contract chemistry and bioconjugation business focused on ADCs and is establishing the capability to manufacture ADCs to GMP standards\n",
        "employees_num": "101 - 250"
    },
    "overview": {
        "categories": [
            "Biopharma",
            "Therapeutics",
            "Biotechnology"
        ],
        "website": "http://abzena.com",
        "description": "Provides complementary services to organisations involved in the development of biopharmaceuticals",
        "headquarters": "Cambridge, Cambridgeshire",
        "social": {
            "twitter": "https://twitter.com/abzenagroup",
            "linkedin": "https://www.linkedin.com/company/abzena"
        }
    },
    "id": "abzena",
    "people": [
        [
            "Matthew Baker",
            "/person/matthew-baker",
            "CSO"
        ],
        [
            "John Burt",
            "/person/john-burt",
            "CEO"
        ],
        [
            "Julian Smith",
            "/person/julian-smith",
            "CFO"
        ]
    ],
    "advisors": []
}