{
    "overview": {
        "social": {
            "linkedin": "http://www.linkedin.com/company/agalimmune-limited"
        },
        "description": "Agalimmune was established in 2013. Its shareholders include Loxbridge Research LLP",
        "website": "http://agalimmune.com",
        "categories": [
            "Biotechnology"
        ],
        "headquarters": "Irvine, CA"
    },
    "id": "agalimmune",
    "people": [],
    "advisors": [],
    "company_details": {
        "employees_found": "None found in Crunchbase",
        "employees_num": "1 - 10",
        "description": "Agalimmune was established in 2013. Its shareholders include Loxbridge Research LLP and Animatrix Capital LLP which invest in innovative medical technologies. Agalimmune is located in London, UK and California, USA.\nAgalimmune has licensed the Alphaject\u2122 immunotherapeutic technology from the University of Massachusetts Medical School, Worcester, MA (USA) where it was researched and developed by a team, led by Professor Uri Galili. The goal of Alphaject\u2122 therapy is to convert the injected tumor into a vaccine that \u201cinstructs\u201d the immune system of patients with solid tumors to recognize metastatic tumor cells and destroy them. This treatment may also bring about a long lasting protective anti-tumor immune response.\n",
        "founded": "2013"
    }
}