{
    "id": "aicuris",
    "advisors": [],
    "overview": {
        "categories": [
            "Therapeutics",
            "Health Care",
            "Biotechnology"
        ],
        "website": "http://www.aicuris.com",
        "headquarters": "Wuppertal, Nordrhein-Westfalen",
        "description": "AiCuris is a pharmaceutical company that discovers, researches and develops antiviral and antibacterial agents to treat infectious diseases."
    },
    "company_details": {
        "phone_number": "49 202 31763 0",
        "email": "info@aicuris.com",
        "founded": "2006",
        "employees_found": "None found in Crunchbase",
        "employees_num": "51 - 100",
        "description": "AiCuris is a clinical-stage biopharmaceutical company focused on resistance breaking antiviral and antibacterial therapeutics targeting Human Cytomegalovirus, Herpes simplex, HIV, Hepatitis B and C and multi-resistant bacteria.\n"
    },
    "people": []
}