{
    "id": "atraverda",
    "people": [
        [
            "Ray Braso",
            "/person/ray-braso",
            "Chief Operating Officer"
        ],
        [
            "George Brilmyer",
            "/person/dr-george-brilmyer",
            "Vice President, North American Business Development"
        ],
        [
            "Tony Davies",
            "/person/tony-davies",
            "Chief Executive Officer"
        ],
        [
            "Keith Ellis",
            "/person/keith-ellis",
            "Technical Officer"
        ],
        [
            "Don Hobday",
            "/person/don-hobday",
            "Business Development Director"
        ],
        [
            "Bill Kingsley",
            "/person/bill-kingsley",
            "Observer of Boards"
        ]
    ],
    "overview": {
        "categories": [
            "Advanced Materials",
            "Product Design",
            "Manufacturing"
        ],
        "website": "http://www.atraverda.co.uk",
        "headquarters": "Abertillery, Blaenau Gwent",
        "description": "Atraverda is an advanced material company producing a proprietary conductive ceramic."
    },
    "advisors": [],
    "company_details": {
        "employees_num": "11 - 50",
        "phone_number": "+44 (0) 1495 294 026",
        "description": "Atraverda is an advanced material company that owns the intellectual property rights to a conductive ceramic known worldwide through its trademark, Ebonex\u00ae.\n",
        "email": "info@atraverda.com",
        "founded": "2005",
        "employees_found": "8 in Crunchbase"
    }
}