{
    "company_details": {
        "employees_num": "51 - 100",
        "employees_found": "10 in Crunchbase",
        "founded": "2000",
        "description": "Cambridge Broadband Networks' VectaStar is a Point-to-Multipoint microwave backhaul solution for mobile broadband networks.\n"
    },
    "overview": {
        "founders": [
            "Herman Hauser",
            "John Naylon",
            "John Porter"
        ],
        "website": "http://www.cbnl.com",
        "description": "Cambridge Broadband Networks offers multipoint wireless backhaul and access solutions to improve telecommunication network capacity.",
        "categories": [
            "Web Hosting",
            "Wireless",
            "Telecommunications"
        ],
        "social": {
            "linkedin": "http://www.linkedin.com/company/cambridge-broadband",
            "twitter": "http://twitter.com/CBNL"
        },
        "headquarters": "Cambridge, Cambridgeshire"
    },
    "advisors": [
        [
            "Martin Gibson",
            "/person/martin-gibson",
            "Board Member (since 2009)",
            "Venture Partner @ Accel Partners"
        ],
        [
            "Teresa Vega",
            "/person/teresa-vega",
            "",
            "Chairman @ ip.access"
        ]
    ],
    "people": [
        [
            "Mark Ashford",
            "/person/mark-ashford",
            "Vice President - NAM and Solutions Consulting"
        ],
        [
            "Chris Caswell",
            "/person/chris-caswell",
            "Chief Financial Officer"
        ],
        [
            "Lionel Chmilewsky",
            "/person/lionel-chmilewsky",
            "CEO & BOD"
        ],
        [
            "Rebecca Davies",
            "/person/rebecca-davies",
            "HR Director"
        ],
        [
            "Kamel Kaddoumi",
            "/person/kamel-kaddoumi",
            "VP Sales, Middle East and Northern Africa"
        ],
        [
            "Adrian Martin",
            "/person/adrian-martin",
            "VP Sales, Latin America"
        ]
    ],
    "id": "cambridge-broadband-networks"
}