{
    "id": "epos",
    "advisors": [],
    "company_details": {
        "phone_number": "+972 (9) 7625700",
        "description": "EPOS is a leading provider of advanced digital positioning technology.  The company partners with OEMs, ODMs, distributors and retailers to bring next-generation, positioning-based consumer electronics products to the PC peripheral, notebook and touch-screen markets. \nEPOS-enabled 'Digital Pen & Mouse', 'Digital Pen & USB Flash Drive' and 'Wired Digital Pen' products are marketed throughout the US and Europe. In addition, EPOS products are also sold as complementary hardware for various laptops. \nEPOS technology is based on the transmission of ultrasonic acoustic waves between two or more devices via a \u00e2\u20ac\u0153Transmitter\u00e2\u20ac\u009d and a \u00e2\u20ac\u0153Receiver\u00e2\u20ac\u009d. The transmitter, embedded in a device such as a pen, sends constant acoustic signals to a receiver. The receiver uses the signals to measure the distance and position of the wireless device. Small in size and low in cost, EPOS technology easily integrates into almost any consumer electronics product and requires only minimal battery consumption, making the range of potential product possibilities extensive.\n",
        "founded": "December, 2003",
        "email": "info@epos-ps.com",
        "employees_num": "11 - 50",
        "employees_found": "2 in Crunchbase"
    },
    "overview": {
        "categories": [
            "Consumer Electronics",
            "Hardware",
            "Information Technology"
        ],
        "headquarters": "Hod Hasharon, HaMerkaz",
        "description": "EPOS is a provider of advanced digital positioning technology to the PC peripheral, notebook and touch-screen markets.",
        "founders": [
            "Nathan Altman"
        ],
        "website": "http://www.epos-ps.com"
    },
    "people": [
        [
            "Nathan Altman",
            "/person/nathan-altman",
            "Co-Founder"
        ],
        [
            "Oded Turbahn",
            "/person/oded-turbahn",
            "CEO"
        ]
    ]
}