{
    "people": [
        [
            "Owen Bridle",
            "/person/owen-bridle",
            "SVP, Engineering"
        ],
        [
            "Simon Brown",
            "/person/simon-brown",
            "CEO"
        ],
        [
            "Steven Dunn Massey",
            "/person/steven-dunn-massey",
            "CFO"
        ],
        [
            "Nick Johnson",
            "/person/dr-nick-johnson",
            "Co - Founder & CTO"
        ],
        [
            "Rob Jones",
            "/person/rob-jones-2",
            "SVP, Worldwide Sales & Operations"
        ],
        [
            "Norman McQueen",
            "/person/norman-mcqueen",
            "Director, HR"
        ]
    ],
    "company_details": {
        "description": "ip.access solves in-building access problems for mobile operators, opening up new revenue streams while defending existing business.\nHeadquartered in Cambridge, UK, ip.access has been deploying small cell solutions for over 10 years providing more than 90 customers around the world with the capability to accelerate the introduction of small cell solutions into their networks irrespective of use case, technology or deployment model.\nThe company\u2019s success is built upon its ability to provide its Service Provider customers with a range of small cell solutions across all technologies (2G, 3G, and 4G), alongside a deployment philosophy that integrates the small cell access points with converged access gateways and comprehensive network management and performance tools.\nThe methodology and solution capability provided by ip.access enables its customers to better manage the economic challenges of delivering against ever more demanding coverage and capacity requirements. This, along with the ease of integration to higher order management solutions and the robust and elegant macro network interaction reduces the \u2018cycle time\u2019 from installation to commercial service.\nIn addition, ip.access has focussed diligently on providing the intelligence and application layers to enable its customers to deliver rapid monetisation of their small cell deployments, drive new and complimentary revenue streams to further enhance the small cells business case.\n",
        "founded": "2000",
        "employees_found": "9 in Crunchbase",
        "phone_number": "(441) 954-7137",
        "employees_num": "101 - 250",
        "email": "sales@ipaccess.com"
    },
    "id": "ip-access",
    "advisors": [
        [
            "Stephen Lowery",
            "/person/stephen-lowery",
            "",
            "Partner @ Frog Capital"
        ],
        [
            "Andrea Traversone",
            "/person/andrea-traversone",
            "",
            "Partner @ Amadeus Capital Partners"
        ],
        [
            "Teresa Vega",
            "/person/teresa-vega",
            "",
            "Chairman @ ip.access"
        ],
        [
            "Andrew Whiting",
            "/person/andrew-whiting",
            "Director (since 2015)",
            "Principal @ Zouk Capital LLP"
        ]
    ],
    "overview": {
        "description": "ip.access offers 2G, 3G, and 4G end-to-end small cell solutions for tier 1 and tier 2 operators around the world.",
        "headquarters": "Camborne, Cornwall",
        "categories": [
            "Software",
            "Mobile",
            "Customer Service"
        ],
        "founders": [
            "Nick Johnson"
        ],
        "website": "http://www.ipaccess.com",
        "social": {
            "twitter": "http://twitter.com/ipaccessLtd",
            "linkedin": "https://www.linkedin.com/company-beta/30721"
        }
    }
}