{
    "people": [],
    "overview": {
        "website": "http://www.ooyala.com",
        "description": "Videoplaza AB is a provider of personalized cloud TV solutions and offers strategic media consulting services."
    },
    "company_details": {
        "employees_num": "None found in Crunchbase",
        "founded": "Unknown"
    },
    "id": "videoplaza-ab",
    "advisors": [
        [
            "P\u00e4r-J\u00f6rgen P\u00e4rson",
            "/person/pr-jrgen-prson",
            "Member of the Board of Directors (since 2010)",
            "General Partner @ Northzone"
        ]
    ]
}