{
    "id": "yd-yourdelivery",
    "overview": {
        "headquarters": "Berlin, Berlin",
        "description": "Yourdelivery is a company who provide private and corporate customer an online solution to order food.",
        "website": "http://www.yourdelivery.de",
        "categories": [
            "E-Commerce",
            "SaaS",
            "Delivery",
            "Food Processing"
        ],
        "social": {
            "twitter": "http://twitter.com/yourdelivery"
        }
    },
    "company_details": {
        "employees_found": "None found in Crunchbase",
        "employees_num": "11 - 50",
        "phone_number": "00493028886570",
        "description": "yourdelivery.de provides private and corporate customer an online solution to order food, streamline the billing and to choose from over 1500 suppliers in germany.\n",
        "founded": "September 1, 2009",
        "email": "info@yourdelivery.de"
    },
    "advisors": [],
    "people": []
}